row_idx,c2_scaler_s,c2_rips_s,c2_slice_s,c2_w2_s,c2_total_s,network_scaler_s,network_rips_s,network_slice_s,network_w2_s,network_total_s,physical_scaler_s,physical_rips_s,physical_slice_s,physical_w2_s,physical_total_s,total_s
50,0.0006022500000000264,3.0686363749999996,0.00023524999999935403,0.022432042000000152,3.091905916999999,0.0008292499999997816,0.052198709000000676,0.00012762500000018662,0.016921790999999686,0.07007737500000033,0.0007627499999998122,0.4011270840000005,0.00016595800000018812,6.779200000028851e-05,0.4021235840000008,3.5641068760000003
302,0.0008008340000005276,2.859763708999999,0.00020366600000087942,0.020741834000000736,2.8815100430000014,0.0008873330000014334,0.058574292000001194,0.00017233400000016275,0.021867332999999434,0.08150129200000222,0.000882290999999924,0.3918169169999999,0.00017141600000059043,0.006359915999999188,0.3992305399999996,3.362241875000003
615,0.0008760839999997216,2.8219632919999995,0.00020891600000005894,0.020826583999999926,2.843874875999999,0.0009000419999996012,0.05446045899999952,0.00014537500000066927,0.01659458299999983,0.07210045899999962,0.0007859999999997314,0.40063383399999886,0.00016812500000007446,7.162500000035266e-05,0.401659583999999,3.317634918999998
749,0.0008463330000001434,3.0582179169999986,0.00019591699999921275,0.02026220799999834,3.0795223749999963,0.0008967920000024776,0.05753508300000121,0.00014945800000276677,0.0224542079999992,0.08103554100000565,0.0008441250000004175,0.41233791699999855,0.00017633300000241547,0.00743133299999954,0.42078970800000093,3.581347624000003
1377,0.0008534169999983021,2.939184375,0.00021412499999939882,0.020435000000002645,2.9606869170000003,0.0008455410000003383,0.052499042000000884,0.00011204100000128392,0.02323470800000038,0.07669133200000289,0.0006886669999985884,0.37959754199999907,0.0001681670000017732,6.691699999805678e-05,0.3805212929999975,3.4178995420000007
3208,0.0007963750000001824,2.708662125,0.00018374999999792863,0.01923241699999778,2.728874666999996,0.0008468750000005798,0.05225120800000127,9.983300000016015e-05,0.035221458999998845,0.08841937500000085,0.0007012499999987654,0.37519858299999953,0.00014879200000095238,0.006734375000000625,0.3827829999999999,3.2000770419999967
4937,0.0007960830000008912,2.9203184580000006,0.00018425000000021896,0.01930341599999963,2.9406022070000013,0.0008542080000033536,0.05097333299999818,0.0001146670000018446,0.02246845899999883,0.0744106670000022,0.00073066699999913,0.4020602920000016,0.00016783299999900692,0.006743792000001747,0.4097025840000015,3.424715458000005
5080,0.0008264579999988086,3.155010624999999,0.00018437499999990337,0.020323957999998754,3.1763454159999966,0.0008952080000028673,0.053299540999997674,0.00013762500000069622,0.03370645899999758,0.08803883299999882,0.0007684579999995833,0.41225787500000166,0.00016766699999948287,0.006752500000001049,0.4199465000000018,3.6843307489999972
5633,0.0008254580000013334,3.1032046250000036,0.00018454199999951015,0.020420167000004597,3.124634792000009,0.0008367500000048267,0.05423104199999784,0.00010558299999985366,0.02554020800000245,0.08071358300000497,0.0007055840000020908,0.4031831250000053,0.0001669589999977461,0.0067402090000001635,0.4107958770000053,3.6161442520000193
7221,0.0008352920000049835,3.182006084000001,0.0001870420000003037,0.019718666999999357,3.2027470850000057,0.0008170000000049527,0.05316475000000054,9.562500000015461e-05,0.03569137499999897,0.08976875000000462,0.0006961249999974939,0.39393195800000314,0.0001587499999970987,0.006966333000001157,0.4017531659999989,3.694269001000009
9220,0.0008656669999993483,3.3430418340000045,0.00019195899999857602,0.014261083000000951,3.3583605430000034,0.0008501659999993194,0.05237912499999453,0.00010837499999638567,0.02532354200000242,0.07866120799999266,0.0007196669999984806,0.40042395800000463,0.00015420899999440962,0.005811999999998818,0.40710983399999634,3.8441315849999924
9353,0.0007932499999938614,3.292731583999995,0.0002978750000011132,0.013316916000000845,3.3071396249999907,0.0023009590000029334,0.054013208000000645,0.00012433300000225245,0.030691457999999727,0.08712995800000556,0.0007343330000040282,0.413672708,0.00017112500000138198,0.00950170800000194,0.42407987400000735,3.8183494570000036
9955,0.000811500000004628,2.928037291999999,0.00016787499999537658,0.019428041000004725,2.948444708000004,0.0008014589999945088,0.053643167000004155,0.0001082080000003316,0.025500499999999704,0.0800533339999987,0.0006995000000031837,0.3980820840000021,0.00018441699999982575,0.007362875000005431,0.40632887600001055,3.434826918000013
10156,0.0008168330000017932,3.0543870829999946,0.00016783299999900692,0.015917625000000157,3.0712893739999956,0.0008292500000024461,0.054139165999998795,0.00011925000000445607,0.024676833999997427,0.07976450000000312,0.0007167919999986339,0.396438124999996,0.00015224999999929878,6.774999999947795e-05,0.3973749169999934,3.548428790999992
10254,0.0007889580000011165,2.784632207999998,0.00015875000000420414,0.020221165999998902,2.805801082000002,0.000825958000000071,0.05481787500000479,0.000128541000002258,0.020732082999998624,0.07650445700000574,0.000740624999998829,0.41032970899999555,0.0001299170000024219,6.941599999521486e-05,0.411269666999992,3.293575206
11107,0.0008019169999968767,3.128683124999995,0.0001784589999971331,0.013498416000004454,3.1431619169999934,0.0008339580000011892,0.05333283400000255,0.0001011250000004793,0.04092899999999844,0.09519691700000266,0.0006992080000003398,0.4056707920000022,0.00016566700000453238,0.013676874999994482,0.4202125420000016,3.6585713759999976
11578,0.0007807080000006295,2.9784764999999993,0.00019545800000031477,0.019499041999999633,2.998951708,0.0008155840000014791,0.05241791699999965,9.716600000331255e-05,0.029685999999998103,0.08301666700000254,0.0006892080000042711,0.42095354100000293,0.00016283299999741985,7.12919999941164e-05,0.42187687399999874,3.503845249000001
11655,0.0008270829999972307,3.1969165830000037,0.00014758300000039526,0.020472542000007365,3.2183637910000087,0.0008251250000057553,0.05358725000000675,0.00013466699999753473,0.02579462500000318,0.08034166700001322,0.000783542000007742,0.4004117079999929,0.00014987500000529508,0.006721124999998551,0.4080662500000045,3.7067717080000264
11888,0.0007898750000094878,3.132527665999987,0.00017166599999995924,0.013636417000000733,3.1471256239999974,0.000828749999996603,0.055336374999995996,0.00013912499998980365,0.02483662499999184,0.08114087499997424,0.0007666249999971342,0.4110128749999973,0.00015241699999535285,0.006177750000006199,0.41810966699999597,3.6463761659999676
12289,0.0007835830000004762,3.1888048750000024,0.00017837500000439377,0.0190914169999985,3.208858250000006,0.0008240000000085956,0.05462433400001032,0.00011233300000412783,0.017068500000007703,0.07262916700003075,0.0007559590000028038,0.3997450829999991,0.0001581670000092572,0.006866584000007947,0.4075257930000191,3.6890132100000557
13358,0.0007870000000025357,3.393733916000002,0.00015058399999645644,0.019930041999998593,3.4146015419999998,0.0008435000000019954,0.05839433299999541,0.00010974999999291413,0.026936542000001396,0.08628412499999172,0.0007768749999996771,0.43694495900000163,0.00013658400000338133,7.337499999948704e-05,0.4379317930000042,3.9388174599999957
13371,0.0008577079999980697,3.0183692500000063,0.0001800419999966607,0.012168708999993783,3.031575708999995,0.0008342499999969277,0.05467050000000029,0.00010391600000048129,0.03275987500001065,0.08836854100000835,0.0007360419999997703,0.388511084000001,0.0001524999999986676,0.008960625000000277,0.3983602509999997,3.518304501000003
14016,0.0007711249999999836,3.1115553749999947,0.0001707910000021684,0.01198575000000801,3.124483041000005,0.0008327500000007149,0.05197395800000493,9.850000000710679e-05,0.035855624999996394,0.08876083300000914,0.000695374999992282,0.4052052919999909,0.00016654200000232322,7.23750000020118e-05,0.4061395839999875,3.6193834580000015
14887,0.0008265419999986534,3.1730490409999987,0.00017420800000422787,0.019719875000006937,3.1937696660000086,0.0008109999999987849,0.052484707999994384,0.00010808400000428264,0.023754959000001463,0.07715875099999892,0.0007470840000110002,0.41389654199998915,0.00017187500000659384,0.006954292000003193,0.42176979300000994,3.6926982100000174
14944,0.0008432089999956816,2.9261157919999903,0.00019116599999335904,0.019882917000003886,2.947033083999983,0.0008509999999972706,0.05489408399999718,0.0001041659999998501,0.02361349999999618,0.07946274999999048,0.0007009579999959215,0.4043839999999932,0.00017445900000723213,0.017510083000004784,0.42276950000000113,3.449265333999975
15563,0.000835249999994403,2.901868042000004,0.00018758299999888095,0.019909374999997453,2.9228002499999945,0.0008541659999963258,0.054386750000006145,0.00011758400000871916,0.019118625000004386,0.07447712500001558,0.0007534579999912694,0.4055550829999959,0.00016712499999016472,7.508299999869905e-05,0.406550748999976,3.403828123999986
15709,0.0008364170000021431,2.9897324579999918,0.00024904099998934726,0.02334308300000032,3.0141609989999836,0.0009593329999972866,0.0680198750000045,0.00023500000000353793,0.030391458000011085,0.09960566600001641,0.0014571660000086695,0.5595616250000006,0.00016850000000090404,0.007115166999994926,0.5683024580000051,3.682069123000005
16710,0.0010459580000059532,3.0668944170000003,0.0001890420000023596,0.020162041999995495,3.088291459000004,0.0008535829999942735,0.05480479199999877,0.0001027080000000069,0.019409042000006593,0.07517012499999964,0.0008795840000033195,0.4182665419999978,0.00016745799999284827,0.0068841249999991305,0.4261977089999931,3.589659292999997
17126,0.0008384169999970936,3.2469968749999936,0.0001987499999955844,0.020647874999994542,3.268681916999981,0.0008495830000043725,0.05095841699998971,0.00012933399999326411,0.022412916999996924,0.07435025099998427,0.000774208000009935,0.5179856670000049,0.00034800000000245745,0.009159083000000123,0.5282669580000174,3.8712991259999825
17775,0.0015883749999971997,2.993202249999996,0.00018829199999004231,0.01981808399999352,3.0147970009999767,0.0008477500000054761,0.05318766599999947,0.00010241599999005757,0.024342625000002727,0.07848045699999773,0.0007074580000079322,0.4205035840000022,0.00017229200000201672,7.429100000422295e-05,0.4214576250000164,3.514735082999991
