window_idx,start_pos,majority_label,attack_frac,W2_c2,W2_network,W2_physical,W2_c2_only,W2_network_only,W2_physical_only,W2_c2_network,W2_c2_physical,W2_network_physical,W2_all_three,Z2_c2,Z2_network,Z2_physical,Z2_c2_only,Z2_network_only,Z2_physical_only,Z2_c2_network,Z2_c2_physical,Z2_network_physical,Z2_all_three
0,0,Sybil Attack,1.0,1.917887028675022,0.21293111126535783,1.3523833201133548,1.917887028675022,0.21293111126535783,1.3523833201133548,2.13081813994038,3.270270348788377,1.5653144313787126,3.483201460053735,2.318153183696146,0.936858704197904,3.766400750656435,2.318153183696146,0.936858704197904,3.766400750656435,3.25501188789405,6.084553934352581,4.703259454854339,7.021412638550485
1,200,Sybil Attack,1.0,1.8495725435230501,0.20780341812047687,1.3598644255951688,1.8495725435230501,0.20780341812047687,1.3598644255951688,2.057375961643527,3.2094369691182187,1.5676678437156457,3.417240387238696,2.1703173045951187,0.8695298737982312,3.7983819744434717,2.1703173045951187,0.8695298737982312,3.7983819744434717,3.03984717839335,5.96869927903859,4.667911848241703,6.8382291528368215
2,400,Sybil Attack,1.0,1.8147410375913047,0.20301365924057208,1.3503033083410176,1.8147410375913047,0.20301365924057208,1.3503033083410176,2.0177546968318767,3.1650443459323223,1.5533169675815897,3.3680580051728946,2.09494022624377,0.80663826656499,3.7575088399445096,2.09494022624377,0.80663826656499,3.7575088399445096,2.9015784928087602,5.85244906618828,4.5641471065095,6.65908733275327
3,600,Sybil Attack,1.0,1.7339170025099058,0.19343454247817185,1.343816942797523,1.7339170025099058,0.19343454247817185,1.343816942797523,1.9273515449880776,3.077733945307429,1.5372514852756949,3.2711684877856007,1.9200330707236792,0.6808603173680553,3.729780062624727,1.9200330707236792,0.6808603173680553,3.729780062624727,2.6008933880917344,5.649813133348406,4.410640379992782,6.3306734507164615
4,800,Sybil Attack,1.0,1.7059251608708437,0.18789620544546462,1.3500172104457877,1.7059251608708437,0.18789620544546462,1.3500172104457877,1.8938213663163084,3.0559423713166316,1.5379134158912524,3.243838576762096,1.8594573596257813,0.6081395549831936,3.756285790645901,1.8594573596257813,0.6081395549831936,3.756285790645901,2.4675969146089747,5.615743150271682,4.364425345629094,6.2238827052548755
5,1000,Sybil Attack,1.0,1.6645692358488176,0.18849318999231393,1.3653351876929338,1.6645692358488176,0.18849318999231393,1.3653351876929338,1.8530624258411315,3.029904423541751,1.5538283776852477,3.2183976135340653,1.7699611200205718,0.6159782204747449,3.8217691152022244,1.7699611200205718,0.6159782204747449,3.8217691152022244,2.385939340495317,5.591730235222796,4.43774733567697,6.207708455697541
6,1200,Sybil Attack,1.0,1.6677793771764744,0.18575285041542228,1.3516255764800134,1.6677793771764744,0.18575285041542228,1.3516255764800134,1.8535322275918966,3.0194049536564878,1.5373784268954356,3.20515780407191,1.7769080224843312,0.5799963757354119,3.763161447485265,1.7769080224843312,0.5799963757354119,3.763161447485265,2.356904398219743,5.5400694699695965,4.343157823220677,6.1200658457050086
7,1400,Sybil Attack,1.0,1.65280570076833,0.18658321709735845,1.3468822629925503,1.65280570076833,0.18658321709735845,1.3468822629925503,1.8393889178656886,2.9996879637608806,1.5334654800899088,3.186271180858239,1.7445042561345172,0.5908994496748954,3.7428841007076548,1.7445042561345172,0.5908994496748954,3.7428841007076548,2.3354037058094126,5.487388356842172,4.333783550382551,6.078287806517068
8,1600,Sybil Attack,1.0,1.642494102545507,0.17604239627160645,1.3503883638573784,1.642494102545507,0.17604239627160645,1.3503883638573784,1.8185364988171135,2.9928824664028855,1.5264307601289848,3.168924862674492,1.7221894544520278,0.4524939098740398,3.7578724465678444,1.7221894544520278,0.4524939098740398,3.7578724465678444,2.1746833643260675,5.480061901019872,4.2103663564418845,5.932555810893912
9,1800,Sybil Attack,1.0,1.6193909146350758,0.19719260595632843,1.3528578356990066,1.6193909146350758,0.19719260595632843,1.3528578356990066,1.8165835205914043,2.9722487503340824,1.5500504416553351,3.169441356290411,1.6721930285523552,0.7302053174300437,3.7684292729346005,1.6721930285523552,0.7302053174300437,3.7684292729346005,2.402398345982399,5.440622301486956,4.498634590364644,6.1708276189169995
10,2000,Sybil Attack,1.0,1.7491403207353085,0.1803952988047535,1.3071927704352166,1.7491403207353085,0.1803952988047535,1.3071927704352166,1.929535619540062,3.056333091170525,1.4875880692399701,3.2367283899752786,1.9529770741466799,0.5096494041908448,3.5732141840682448,1.9529770741466799,0.5096494041908448,3.5732141840682448,2.4626264783375245,5.526191258214925,4.082863588259089,6.03584066240577
11,2200,Sybil Attack,1.0,1.6463552716555334,0.1542429692707896,1.3667900924050826,1.6463552716555334,0.1542429692707896,1.3667900924050826,1.800598240926323,3.013145364060616,1.5210330616758723,3.167388333331406,1.7305452128020853,0.16625799795850332,3.8279887351903605,1.7305452128020853,0.16625799795850332,3.8279887351903605,1.8968032107605886,5.558533947992446,3.994246733148864,5.724791945950949
12,2400,Sybil Attack,1.0,1.6810229856410652,0.1464672629085098,1.3703575507370866,1.6810229856410652,0.1464672629085098,1.3703575507370866,1.827490248549575,3.0513805363781517,1.5168248136455964,3.1978477992866616,1.8055678373900148,0.0641596078810397,3.8432393801042837,1.8055678373900148,0.0641596078810397,3.8432393801042837,1.8697274452710546,5.648807217494299,3.9073989879853235,5.7129668253753385
13,2600,Sybil Attack,1.0,1.6234784632769312,0.14548222849660578,1.3539301279685974,1.6234784632769312,0.14548222849660578,1.3539301279685974,1.768960691773537,2.9774085912455286,1.499412356465203,3.1228908197421346,1.6810386832549065,0.05122567970260776,3.7730132504125624,1.6810386832549065,0.05122567970260776,3.7730132504125624,1.7322643629575143,5.454051933667468,3.82423893011517,5.505277613370077
14,2800,Blackhole Attack,1.0,0.5381128594649158,0.18705330148153576,0.7427289642743324,0.5381128594649158,0.18705330148153576,0.7427289642743324,0.7251661609464516,1.2808418237392483,0.9297822657558682,1.467895125220784,-0.6677454410580776,0.5970718611046638,1.1601693007421985,-0.6677454410580776,0.5970718611046638,1.1601693007421985,-0.07067357995341383,0.49242385968412083,1.7572411618468622,1.0894957207887845
15,3000,Blackhole Attack,1.0,0.4530927613552937,0.1405609341352618,1.309686234598857,0.4530927613552937,0.1405609341352618,1.309686234598857,0.5936536954905555,1.7627789959541507,1.4502471687341187,1.9033399300894125,-0.8517330817075041,-0.013393045334123539,3.583873576001187,-0.8517330817075041,-0.013393045334123539,3.583873576001187,-0.8651261270416276,2.7321404942936827,3.5704805306670635,2.7187474489595593
16,3200,Blackhole Attack,1.0,0.9741632411568744,0.10871866216019845,2.330894676841298,0.9741632411568744,0.10871866216019845,2.330894676841298,1.082881903317073,3.3050579179981723,2.4396133390014962,3.4137765801583706,0.27588886089652714,-0.43149585858252953,7.949471120904056,0.27588886089652714,-0.43149585858252953,7.949471120904056,-0.1556069976860024,8.225359981800583,7.517975262321526,7.793864123218054
17,3400,Blackhole Attack,1.0,0.9565203550997703,0.12197864870036394,2.1483274553116565,0.9565203550997703,0.12197864870036394,2.1483274553116565,1.0784990038001343,3.1048478104114268,2.2703061040120205,3.226826459111791,0.23770879462904462,-0.2573864960213123,7.169008503165213,0.23770879462904462,-0.2573864960213123,7.169008503165213,-0.019677701392267682,7.406717297794258,6.911622007143901,7.149330801772946
18,3600,Blackhole Attack,1.0,1.0251443850747477,0.15604025443133623,2.385753863725271,1.0251443850747477,0.15604025443133623,2.385753863725271,1.1811846395060839,3.410898248800019,2.5417941181566075,3.5669385032313548,0.386214543830511,0.18985713003119736,8.183990462567689,0.386214543830511,0.18985713003119736,8.183990462567689,0.5760716738617084,8.570205006398199,8.373847592598887,8.760062136429397
19,3800,Blackhole Attack,1.0,0.9446347817028125,0.11846777550680752,1.5185232202452352,0.9446347817028125,0.11846777550680752,1.5185232202452352,1.06310255720962,2.463158001948048,1.6369909957520428,2.581625777454855,0.21198783387159792,-0.30348578065571014,4.476637672056615,0.21198783387159792,-0.30348578065571014,4.476637672056615,-0.09149794678411222,4.688625505928213,4.173151891400905,4.385139725272503
20,4000,Blackhole Attack,1.0,0.9853658418029125,0.11576763303564187,2.2563366668213347,0.9853658418029125,0.11576763303564187,2.2563366668213347,1.1011334748385544,3.2417025086242472,2.372104299856977,3.3574701416598893,0.30013183529705934,-0.3389398199984419,7.63074063256099,0.30013183529705934,-0.3389398199984419,7.63074063256099,-0.03880798470138258,7.930872467858049,7.291800812562547,7.591932647859607
21,4200,Blackhole Attack,1.0,0.8775867995250066,0.1929471188875278,2.4267833091434747,0.8775867995250066,0.1929471188875278,2.4267833091434747,1.0705339184125344,3.3043701086684814,2.6197304280310023,3.4973172275560094,0.06689272900246859,0.6744602346524905,8.35938858774683,0.06689272900246859,0.6744602346524905,8.35938858774683,0.7413529636549591,8.426281316749298,9.033848822399321,9.10074155140179
22,4400,Blackhole Attack,1.0,0.8526711175717947,0.20985758634904042,2.270497484843124,0.8526711175717947,0.20985758634904042,2.270497484843124,1.062528703920835,3.1231686024149186,2.4803550711921645,3.3330261887639594,0.012973977558165789,0.8965019917400825,7.691277179099902,0.012973977558165789,0.8965019917400825,7.691277179099902,0.9094759692982483,7.704251156658068,8.587779170839985,8.60075314839815
23,4600,Blackhole Attack,1.0,0.8942284901584288,0.07995639098118804,2.2807715333234087,0.8942284901584288,0.07995639098118804,2.2807715333234087,0.9741848811396168,3.1750000234818376,2.3607279243045967,3.2549564144630256,0.10290615952231025,-0.8091569282692467,7.735198046737124,0.10290615952231025,-0.8091569282692467,7.735198046737124,-0.7062507687469364,7.838104206259434,6.926041118467877,7.028947277990188
24,4800,Blackhole Attack,1.0,0.8140938614266378,0.13624989958487602,2.3397568933493202,0.8140938614266378,0.13624989958487602,2.3397568933493202,0.9503437610115137,3.153850754775958,2.4760067929341965,3.2901006543608338,-0.07050908701939353,-0.06999879491565249,7.9873565016250225,-0.07050908701939353,-0.06999879491565249,7.9873565016250225,-0.14050788193504601,7.916847414605629,7.91735770670937,7.846848619689976
25,5000,Blackhole Attack,1.0,0.6265075612667809,0.1380570210554381,2.2703111937389817,0.6265075612667809,0.1380570210554381,2.2703111937389817,0.7645645823222189,2.8968187550057625,2.40836821479442,3.0348757760612006,-0.47645499336340336,-0.04627050783502872,7.690480797133949,-0.47645499336340336,-0.04627050783502872,7.690480797133949,-0.5227255011984321,7.214025803770546,7.64421028929892,7.167755295935517
26,5200,Wormhole Attack,1.0,1.8792650253545178,0.2630485891246944,2.7355152549254194,1.8792650253545178,0.2630485891246944,2.7355152549254194,2.142313614479212,4.614780280279938,2.9985638440501137,4.877828869404631,2.2345732840478103,1.5949228807212765,9.679196933219526,2.2345732840478103,1.5949228807212765,9.679196933219526,3.829496164769087,11.913770217267336,11.274119813940802,13.508693097988612
27,5400,Wormhole Attack,1.0,0.8855720961380187,0.21720285819377896,2.511947573284978,0.8855720961380187,0.21720285819377896,2.511947573284978,1.1027749543317977,3.3975196694229965,2.729150431478757,3.6147225276167756,0.08417330049533621,0.992948590298268,8.723460100545136,0.08417330049533621,0.992948590298268,8.723460100545136,1.0771218907936042,8.807633401040473,9.716408690843403,9.80058199133874
28,5600,Wormhole Attack,1.0,0.883636015571168,0.26329649395268706,2.4953413342821125,0.883636015571168,0.26329649395268706,2.4953413342821125,1.1469325095238552,3.3789773498532805,2.7586378282347996,3.6422738438059676,0.07998352768252706,1.5981779784128847,8.652469543453982,0.07998352768252706,1.5981779784128847,8.652469543453982,1.6781615060954118,8.73245307113651,10.250647521866867,10.330631049549394
29,5800,Wormhole Attack,1.0,0.7985538398664682,0.24150832144690193,2.615227668310986,0.7985538398664682,0.24150832144690193,2.615227668310986,1.04006216131337,3.413781508177454,2.856735989757888,3.655289829624356,-0.1041384519115663,1.3120898428883714,9.164975574401584,-0.1041384519115663,1.3120898428883714,9.164975574401584,1.2079513909768052,9.060837122490017,10.477065417289955,10.37292696537839
30,6000,Wormhole Attack,1.0,0.8255051066085122,0.229586029363639,2.451927804497532,0.8255051066085122,0.229586029363639,2.451927804497532,1.055091135972151,3.277432911106044,2.681513833861171,3.507018940469683,-0.045814595663030394,1.1555449875374364,8.466879617633396,-0.045814595663030394,1.1555449875374364,8.466879617633396,1.109730391874406,8.421065021970366,9.622424605170831,9.576610009507801
31,6200,Wormhole Attack,1.0,0.5183819503662211,0.21770548071209336,2.446477633824663,0.5183819503662211,0.21770548071209336,2.446477633824663,0.7360874310783145,2.9648595841908842,2.6641831145367565,3.1825650649029775,-0.7104440910673545,0.9995482415126606,8.443580503833934,-0.7104440910673545,0.9995482415126606,8.443580503833934,0.28910415044530613,7.733136412766579,9.443128745346595,8.73268465427924
32,6400,Wormhole Attack,1.0,0.7642106784446505,0.26323729447983113,2.5385278046986297,0.7642106784446505,0.26323729447983113,2.5385278046986297,1.0274479729244816,3.3027384831432802,2.8017650991784606,3.5659757776231116,-0.17845872891589878,1.5974006637111176,8.837088805716807,-0.17845872891589878,1.5974006637111176,8.837088805716807,1.4189419347952188,8.658630076800907,10.434489469427923,10.256030740512026
33,6600,Wormhole Attack,1.0,0.7771261828338001,0.2633034517332414,2.344943369250316,0.7771261828338001,0.2633034517332414,2.344943369250316,1.0404296345670414,3.122069552084116,2.6082468209835574,3.3853730038173575,-0.15050894723847674,1.5982693370830827,8.00952833797448,-0.15050894723847674,1.5982693370830827,8.00952833797448,1.447760389844606,7.8590193907360035,9.607797675057563,9.457288727819087
34,6800,Wormhole Attack,1.0,0.776069847841595,0.2632682519332781,2.471438249270169,0.776069847841595,0.2632682519332781,2.471438249270169,1.0393380997748731,3.247508097111764,2.734706501203447,3.510776349045042,-0.1527949077027971,1.5978071484741176,8.550285459453852,-0.1527949077027971,1.5978071484741176,8.550285459453852,1.4450122407713206,8.397490551751055,10.14809260792797,9.995297700225173
35,7000,Wormhole Attack,1.0,0.3972454790177553,0.24067400343996873,2.608033818392595,0.3972454790177553,0.24067400343996873,2.608033818392595,0.637919482457724,3.0052792974103504,2.8487078218325634,3.245953300850319,-0.9725893256125341,1.3011348863414343,9.134222348866976,-0.9725893256125341,1.3011348863414343,9.134222348866976,0.3285455607289002,8.161633023254442,10.43535723520841,9.462767909595875
36,7200,Wormhole Attack,1.0,1.6335154051035958,0.2628114246495302,2.1174051759286248,1.6335154051035958,0.2628114246495302,2.1174051759286248,1.896326829753126,3.7509205810322204,2.380216600578155,4.013732005681751,1.7027591150949466,1.5918088085110278,7.036817834371941,1.7027591150949466,1.5918088085110278,7.036817834371941,3.2945679236059746,8.739576949466889,8.628626642882969,10.331385757977916
37,7400,Flooding Attack,1.0,1.3821646149316167,0.2227331581848285,1.7160159199270835,1.3821646149316167,0.2227331581848285,1.7160159199270835,1.604897773116445,3.0981805348587,1.9387490781119119,3.3209136930435283,1.1588237411380249,1.0655638228475102,5.32090570706629,1.1588237411380249,1.0655638228475102,5.32090570706629,2.224387563985535,6.479729448204314,6.3864695299138,7.545293271051825
38,7600,Sybil Attack,1.0,1.8870147536432678,0.22488379698364735,0.7367390538896643,1.8870147536432678,0.22488379698364735,0.7367390538896643,2.1118985506269152,2.623753807532932,0.9616228508733117,2.8486376045165795,2.2513440741930153,1.0938026411319441,1.1345628359032724,2.2513440741930153,1.0938026411319441,1.1345628359032724,3.3451467153249594,3.3859069100962875,2.228365477035217,4.479709551228232
39,7800,Sybil Attack,1.0,1.9225103510729058,0.23073733978406197,1.0749563284524444,1.9225103510729058,0.23073733978406197,1.0749563284524444,2.1532476908569675,2.99746667952535,1.3056936682365063,3.2282040193094117,2.3281582789484654,1.1706621916765763,2.580418982796031,2.3281582789484654,1.1706621916765763,2.580418982796031,3.4988204706250414,4.9085772617444965,3.751081174472607,6.0792394534210725
40,8000,Flooding Attack,1.0,1.7869818413784273,0.4049751850474171,0.533911706647647,1.7869818413784273,0.4049751850474171,0.533911706647647,2.1919570264258446,2.320893548026074,0.9388868916950641,2.7258687330734914,2.0348679711994797,3.458480514941943,0.26748954064677044,2.0348679711994797,3.458480514941943,0.26748954064677044,5.493348486141423,2.30235751184625,3.7259700555887134,5.760838026788194
41,8200,Flooding Attack,1.0,1.9014718351616429,0.2206322091026726,1.0406444050960466,1.9014718351616429,0.2206322091026726,1.0406444050960466,2.1221040442643155,2.9421162402576897,1.2612766141987193,3.162748449360362,2.2826299039954305,1.0379774520499443,2.433737813536735,2.2826299039954305,1.0379774520499443,2.433737813536735,3.320607356045375,4.716367717532165,3.4717152655866794,5.75434516958211
42,8400,Flooding Attack,1.0,1.9559562710806921,0.16079687883035354,0.9000237331291667,1.9559562710806921,0.16079687883035354,0.9000237331291667,2.1167531499110455,2.855980004209859,1.0608206119595203,3.016776883040212,2.400536881754213,0.2523136671888663,1.8325938796370382,2.400536881754213,0.2523136671888663,1.8325938796370382,2.6528505489430794,4.233130761391251,2.0849075468259044,4.485444428580117
43,8600,Normal Traffic,0.025,0.4077844771384995,0.13421146197225708,0.29495533844303173,0.4077844771384995,0.13421146197225708,0.29495533844303173,0.5419959391107566,0.7027398155815312,0.4291668004152888,0.8369512775537884,-0.9497824194555413,-0.09676436306150538,-0.7540328941680755,-0.9497824194555413,-0.09676436306150538,-0.7540328941680755,-1.0465467825170467,-1.703815313623617,-0.8507972572295809,-1.800579676685122
44,8800,Normal Traffic,0.08,0.4152124793113724,0.11810643141075568,0.20540170543638536,0.4152124793113724,0.11810643141075568,0.20540170543638536,0.5333189107221281,0.6206141847477578,0.323508136847141,0.7387206161585135,-0.9337078603229046,-0.3082303850365877,-1.1368686642410895,-0.9337078603229046,-0.3082303850365877,-1.1368686642410895,-1.2419382453594923,-2.070576524563994,-1.4450990492776772,-2.3788069096005815
45,9000,Normal Traffic,0.05,0.4654262257582341,0.13555738881662688,0.3387967480146019,0.4654262257582341,0.13555738881662688,0.3387967480146019,0.600983614574861,0.804222973772836,0.4743541368312288,0.939780362589463,-0.8250428629594045,-0.07909176104057371,-0.566613810978309,-0.8250428629594045,-0.07909176104057371,-0.566613810978309,-0.9041346239999782,-1.3916566739377134,-0.6457055720188827,-1.4707484349782871
46,9200,Normal Traffic,0.035,0.33824363022041987,0.07042713975787833,0.44902506194360425,0.33824363022041987,0.07042713975787833,0.44902506194360425,0.4086707699782982,0.7872686921640242,0.5194522017014825,0.8576958319219025,-1.10027220525564,-0.9342801213547387,-0.09539516769079821,-1.10027220525564,-0.9342801213547387,-0.09539516769079821,-2.0345523266103784,-1.1956673729464382,-1.029675289045537,-2.1299474943011765
47,9400,Normal Traffic,0.065,0.5957126045424875,0.11786850036749441,0.22697226910176596,0.5957126045424875,0.11786850036749441,0.22697226910176596,0.713581104909982,0.8226848736442535,0.34484076946926034,0.9405533740117479,-0.5430967822766378,-0.311354522617743,-1.0446559524337184,-0.5430967822766378,-0.311354522617743,-1.0446559524337184,-0.8544513048943808,-1.5877527347103562,-1.3560104750514614,-1.8991072573280992
48,9600,Normal Traffic,0.035,0.5534500603636748,0.1198433297425972,0.23461394133710767,0.5534500603636748,0.1198433297425972,0.23461394133710767,0.6732933901062721,0.7880640017007825,0.35445727107970487,0.9079073314433798,-0.6345549899733174,-0.2854241581618811,-1.0119883165529329,-0.6345549899733174,-0.2854241581618811,-1.0119883165529329,-0.9199791481351984,-1.6465433065262502,-1.297412474714814,-1.9319674646881313
49,9800,Normal Traffic,0.04,0.484236583503574,0.1259238988887646,0.31779354517422204,0.484236583503574,0.1259238988887646,0.31779354517422204,0.6101604823923386,0.802030128677796,0.44371744406298663,0.9279540275665605,-0.7843363309947576,-0.2055836534342348,-0.6564010933412677,-0.7843363309947576,-0.2055836534342348,-0.6564010933412677,-0.9899199844289924,-1.4407374243360254,-0.8619847467755025,-1.6463210777702602
50,10000,Normal Traffic,0.265,0.7960853417294662,0.3303672432329748,0.4991922521406592,0.7960853417294662,0.3303672432329748,0.4991922521406592,1.126452584962441,1.2952775938701255,0.829559495373634,1.6256448371031,-0.10948040232414885,2.4788459465380144,0.11906620307306016,-0.10948040232414885,2.4788459465380144,0.11906620307306016,2.3693655442138657,0.009585800748911313,2.5979121496110746,2.488431747286926
51,10200,Normal Traffic,0.15,1.0822698727724485,0.4497847231214324,0.5435131341363032,1.0822698727724485,0.4497847231214324,0.5435131341363032,1.532054595893881,1.6257830069087515,0.9932978572577356,2.0755677300301842,0.5098368865017233,4.046849144660931,0.30853499869253287,0.5098368865017233,4.046849144660931,0.30853499869253287,4.556686031162655,0.8183718851942562,4.355384143353464,4.865221029855188
52,10400,Normal Traffic,0.27,1.101631783410822,0.12156161101678778,0.34486907551324864,1.101631783410822,0.12156161101678778,0.34486907551324864,1.2231933944276099,1.4465008589240707,0.4664306865300364,1.5680624699408585,0.5517370058385206,-0.2628623813121089,-0.5406550185091366,0.5517370058385206,-0.2628623813121089,-0.5406550185091366,0.2888746245264117,0.011081987329384035,-0.8035173998212455,-0.25178039398272484
53,10600,Normal Traffic,0.145,1.0321531521860308,0.07124030313954159,0.8153219749502904,1.0321531521860308,0.07124030313954159,0.8153219749502904,1.1033934553255724,1.8474751271363212,0.8865622780898319,1.9187154302758627,0.4013818578343551,-0.9236029341939026,1.470499548784579,0.4013818578343551,-0.9236029341939026,1.470499548784579,-0.5222210763595475,1.871881406618934,0.5468966145906763,0.9482784724250314
54,10800,Normal Traffic,0.23,1.143336938423534,0.10850572766653897,0.7697471080520905,1.143336938423534,0.10850572766653897,0.7697471080520905,1.2518426660900728,1.9130840464756242,0.8782528357186294,2.0215897741421633,0.6419889961833664,-0.43429178064821544,1.2756700518768145,0.6419889961833664,-0.43429178064821544,1.2756700518768145,0.20769721553515091,1.9176590480601807,0.8413782712285991,1.4833672674119653
55,11000,Normal Traffic,0.205,0.7027837096214506,0.10155538654054669,1.3549320300966083,0.7027837096214506,0.10155538654054669,1.3549320300966083,0.8043390961619974,2.057715739718059,1.456487416637155,2.1592711262586057,-0.3113896866225606,-0.5255527679323266,3.7772963147600067,-0.3113896866225606,-0.5255527679323266,3.7772963147600067,-0.8369424545548872,3.465906628137446,3.2517435468276803,2.9403538602051196
56,11200,Normal Traffic,0.26,0.6759307247811421,0.11562391299269881,1.262896458918389,0.6759307247811421,0.11562391299269881,1.262896458918389,0.7915546377738409,1.9388271836995312,1.378520371911088,2.05445109669223,-0.3695008560403247,-0.34082692636829315,3.38385042559649,-0.3695008560403247,-0.34082692636829315,3.38385042559649,-0.7103277824086178,3.014349569556165,3.043023499228197,2.673522643187872
57,11400,Normal Traffic,0.41,0.7890595002647081,0.13526309439923515,0.9960981315597108,0.7890595002647081,0.13526309439923515,0.9960981315597108,0.9243225946639432,1.785157631824419,1.131361225958946,1.9204207262236541,-0.1246846660620128,-0.08295597411968894,2.2433054842095648,-0.1246846660620128,-0.08295597411968894,2.2433054842095648,-0.20764064018170175,2.118620818147552,2.1603495100898757,2.035664844027863
58,11600,Normal Traffic,0.295,0.6643002738450063,0.10485469397806355,1.419037416623909,0.6643002738450063,0.10485469397806355,1.419037416623909,0.7691549678230699,2.083337690468915,1.5238921106019725,2.188192384446979,-0.3946697193444987,-0.4822314332462378,4.051342539274271,-0.3946697193444987,-0.4822314332462378,4.051342539274271,-0.8769011525907364,3.656672819929772,3.569111106028033,3.174441386683534
59,11800,Normal Traffic,0.405,1.7199453424066042,0.2502012901984373,1.0617555047030232,1.7199453424066042,0.2502012901984373,1.0617555047030232,1.9701466326050414,2.7817008471096276,1.3119567949014606,3.0319021373080646,1.889797716548391,1.4262322851532874,2.5239863473346342,1.889797716548391,1.4262322851532874,2.5239863473346342,3.3160300017016784,4.413784063883025,3.9502186324879216,5.840016349036313
60,12000,Blackhole Attack,0.67,1.3366461194034869,0.21220701360770067,0.643723578127084,1.3366461194034869,0.21220701360770067,0.643723578127084,1.5488531330111877,1.980369697530571,0.8559305917347847,2.1925767111382717,1.060319495855529,0.9273509885433763,0.7369279204148929,1.060319495855529,0.9273509885433763,0.7369279204148929,1.9876704843989055,1.797247416270422,1.664278908958269,2.7245984048137983
61,12200,Blackhole Attack,0.56,1.2618194328743266,0.14958187786778857,1.0090498878059015,1.2618194328743266,0.14958187786778857,1.0090498878059015,1.4114013107421153,2.2708693206802284,1.1586317656736902,2.420451198548017,0.8983908952279052,0.10505585038785054,2.2986733728125923,0.8983908952279052,0.10505585038785054,2.2986733728125923,1.0034467456157556,3.1970642680404975,2.403729223200443,3.302120118428348
62,12400,Blackhole Attack,0.51,1.567623709720067,0.1470857393934907,1.0208301381011164,1.567623709720067,0.1470857393934907,1.0208301381011164,1.7147094491135577,2.5884538478211834,1.1679158774946072,2.7355395872146744,1.560166271266716,0.07228047182256389,2.34903315210917,1.560166271266716,0.07228047182256389,2.34903315210917,1.6324467430892797,3.909199423375886,2.421313623931734,3.98147989519845
63,12600,Blackhole Attack,0.53,1.1345867047378089,0.19810320328367095,0.2607870201404081,1.1345867047378089,0.19810320328367095,0.2607870201404081,1.3326899080214798,1.395373724878217,0.45889022342407904,1.593476928161888,0.6230530635419822,0.7421618544697546,-0.9001001614615638,0.6230530635419822,0.7421618544697546,-0.9001001614615638,1.3652149180117368,-0.2770470979195816,-0.15793830699180922,0.465114756550173
64,12800,Blackhole Attack,0.55,0.4719455071840999,0.21771015781902356,0.3974978217442199,0.4719455071840999,0.21771015781902356,0.3974978217442199,0.6896556650031235,0.8694433289283198,0.6152079795632435,1.0871534867473434,-0.810934819862017,0.9996096539510353,-0.31567066092516477,-0.810934819862017,0.9996096539510353,-0.31567066092516477,0.1886748340890183,-1.1266054807871817,0.6839389930258706,-0.12699582683614646
65,13000,Blackhole Attack,0.79,1.3495586502213874,0.13486828820977717,0.1947791519812969,1.3495586502213874,0.13486828820977717,0.1947791519812969,1.4844269384311646,1.5443378022026844,0.32964744019107406,1.6792060904124615,1.0882628425796805,-0.08813995027030826,-1.1822793672532024,1.0882628425796805,-0.08813995027030826,-1.1822793672532024,1.0001228923093723,-0.09401652467352184,-1.2704193175235106,-0.18215647494383003
66,13200,Blackhole Attack,0.59,1.223044338071221,0.11117675574612414,0.42069027078872767,1.223044338071221,0.11117675574612414,0.42069027078872767,1.334221093817345,1.6437346088599487,0.5318670265348518,1.7549113646060728,0.8144796981415091,-0.3992200258684492,-0.21652449798642262,0.8144796981415091,-0.3992200258684492,-0.21652449798642262,0.41525967227305993,0.5979552001550865,-0.6157445238548718,0.1987351742866373
67,13400,Normal Traffic,0.255,1.4091863387460066,0.0764139630908505,0.28421319462452344,1.4091863387460066,0.0764139630908505,0.28421319462452344,1.485600301836857,1.69339953337053,0.3606271577153739,1.7698134964613805,1.2173000699288918,-0.855670539730126,-0.7999548379566482,1.2173000699288918,-0.855670539730126,-0.7999548379566482,0.36162953019876587,0.4173452319722436,-1.6556253776867742,-0.43832530775788237
68,13600,Normal Traffic,0.22,1.3796831714443394,0.10328764503468445,0.7124020652525973,1.3796831714443394,0.10328764503468445,0.7124020652525973,1.4829708164790238,2.0920852366969367,0.8156897102872818,2.195372881731621,1.153453776355811,-0.5028074641349206,1.0305238430302726,1.153453776355811,-0.5028074641349206,1.0305238430302726,0.6506463122208904,2.1839776193860834,0.527716378895352,1.6811701552511629
69,13800,Normal Traffic,0.185,1.5512946868731639,0.09132454864730578,0.7191901104091643,1.5512946868731639,0.09132454864730578,0.7191901104091643,1.6426192355204696,2.270484797282328,0.81051465905647,2.361809345929634,1.5248294690927338,-0.6598880976601266,1.0595422804465617,1.5248294690927338,-0.6598880976601266,1.0595422804465617,0.8649413714326072,2.5843717495392955,0.39965418278643516,1.9244836518791688
70,14000,Normal Traffic,0.545,1.5848894885818767,0.389442693087964,0.666157877084246,1.5848894885818767,0.389442693087964,0.666157877084246,1.9743321816698407,2.251047365666123,1.05560057017221,2.6404900587540867,1.597530259163592,3.254532172622294,0.8328330426188788,1.597530259163592,3.254532172622294,0.8328330426188788,4.852062431785886,2.430363301782471,4.087365215241173,5.684895474404765
71,14200,Flooding Attack,1.0,1.304013278264175,0.24906958471225477,0.8582506331091992,1.304013278264175,0.24906958471225477,0.8582506331091992,1.5530828629764297,2.1622639113733744,1.107320217821454,2.411333496085629,0.9897004353932825,1.411372502286282,1.6540166809510353,0.9897004353932825,1.411372502286282,1.6540166809510353,2.4010729376795643,2.643717116344318,3.0653891832373175,4.0550896186306
72,14400,Flooding Attack,1.0,1.4945297449614412,0.15267167875964116,0.6829647374912955,1.4945297449614412,0.15267167875964116,0.6829647374912955,1.6472014237210824,2.1774944824527367,0.8356364162509367,2.330166161212378,1.401987365094296,0.14562627344914134,0.9046812427467832,1.401987365094296,0.14562627344914134,0.9046812427467832,1.5476136385434374,2.306668607841079,1.0503075161959246,2.4522948812902206
73,14600,Wormhole Attack,1.0,0.5570384199114795,0.20424523163519917,1.2251738691311045,0.5570384199114795,0.20424523163519917,1.2251738691311045,0.7612836515466787,1.782212289042584,1.4294191007663037,1.9864575206777833,-0.6267896048269587,0.822809345165032,3.2225888862763403,-0.6267896048269587,0.822809345165032,3.2225888862763403,0.19601974033807334,2.5957992814493815,4.045398231441372,3.4186086266144136
74,14800,Wormhole Attack,1.0,0.9646091093870702,0.25853934860237304,1.5074178812377435,0.9646091093870702,0.25853934860237304,1.5074178812377435,1.2231484579894434,2.472026990624814,1.7659572298401165,2.730566339227187,0.25521325357702623,1.5357146009392078,4.429163093213572,0.25521325357702623,1.5357146009392078,4.429163093213572,1.790927854516234,4.684376346790598,5.964877694152779,6.220090947729806
75,15000,Wormhole Attack,1.0,0.6399339347847446,0.21014259034023763,1.5921611117514718,0.6399339347847446,0.21014259034023763,1.5921611117514718,0.8500765251249822,2.2320950465362164,1.8023037020917094,2.4422376368764542,-0.44739966596466313,0.9002442175021104,4.791434715513812,-0.44739966596466313,0.9002442175021104,4.791434715513812,0.45284455153744724,4.3440350495491495,5.691678933015923,5.24427926705126
76,15200,Wormhole Attack,1.0,1.2978348331328318,0.20500456213533058,0.750440608761447,1.2978348331328318,0.20500456213533058,0.750440608761447,1.5028393952681625,2.048275441894279,0.9554451708967776,2.2532800040296097,0.9763299786674849,0.8327796832909952,1.1931360633026264,0.9763299786674849,0.8327796832909952,1.1931360633026264,1.80910966195848,2.1694660419701113,2.0259157465936215,3.0022457252611066
77,15400,Wormhole Attack,1.0,1.0175469355328803,0.20459755704471386,0.9558168363883176,1.0175469355328803,0.20459755704471386,0.9558168363883176,1.2221444925775942,1.973363771921198,1.1604143934330315,2.1779613289659117,0.36977329232361533,0.8274355302881398,2.0711056511181014,0.36977329232361533,0.8274355302881398,2.0711056511181014,1.197208822611755,2.440878943441717,2.898541181406241,3.2683144737298564
78,15600,Wormhole Attack,1.0,1.2697873828715172,0.20128727060777904,1.4495373990123614,1.2697873828715172,0.20128727060777904,1.4495373990123614,1.4710746534792962,2.719324781883879,1.6508246696201405,2.9206120524916575,0.9156339277977509,0.7839700365876785,4.181727916761188,0.9156339277977509,0.7839700365876785,4.181727916761188,1.6996039643854295,5.0973618445589395,4.965697953348867,5.881331881146618
79,15800,Wormhole Attack,1.0,1.1278714984308826,0.2436195417815173,1.4396362147621353,1.1278714984308826,0.2436195417815173,1.4396362147621353,1.3714910402123999,2.567507713193018,1.6832557565436526,2.811127254974535,0.6085210294423218,1.3398110796764122,4.139401018680027,0.6085210294423218,1.3398110796764122,4.139401018680027,1.948332109118734,4.747922048122349,5.479212098356439,6.087733127798761
80,16000,Wormhole Attack,1.0,0.71312658226436,0.18450945850326583,1.4981617122781474,0.71312658226436,0.18450945850326583,1.4981617122781474,0.8976360407676258,2.2112882945425074,1.6826711707814133,2.3957977530457732,-0.28900720556904813,0.5636701017543955,4.389593592205054,-0.28900720556904813,0.5636701017543955,4.389593592205054,0.27466289618534734,4.100586386636007,4.95326369395945,4.664256488390402
81,16200,Sybil Attack,1.0,1.2540798883190685,0.40702113506490645,1.1905605763026874,1.2540798883190685,0.40702113506490645,1.1905605763026874,1.661101023383975,2.444640464621756,1.5975817113675939,2.851661599686662,0.8816421431788658,3.4853447242153215,3.074619382752722,0.8816421431788658,3.4853447242153215,3.074619382752722,4.366986867394187,3.956261525931588,6.559964106968044,7.44160625014691
82,16400,Flooding Attack,1.0,1.169645372166507,0.18103178247131338,1.199617362558563,1.169645372166507,0.18103178247131338,1.199617362558563,1.3506771546378205,2.36926273472507,1.3806491450298766,2.5502945171963836,0.6989217304565061,0.5180067102205073,3.1133365360858263,0.6989217304565061,0.5180067102205073,3.1133365360858263,1.2169284406770133,3.812258266542332,3.6313432463063338,4.330264976762839
83,16600,Flooding Attack,1.0,1.0265125976320535,0.2762536980024643,0.9403161476601783,1.0265125976320535,0.2762536980024643,0.9403161476601783,1.3027662956345178,1.966828745292232,1.2165698456626426,2.2430824432946963,0.38917542256298476,1.7683116758226696,2.004841247244516,0.38917542256298476,1.7683116758226696,2.004841247244516,2.1574870983856544,2.3940166698075007,3.7731529230671854,4.16232834563017
84,16800,Flooding Attack,1.0,1.6558920111392708,0.16045932518151096,0.6370899530257821,1.6558920111392708,0.16045932518151096,0.6370899530257821,1.8163513363207817,2.292981964165053,0.797549278207293,2.453441289346564,1.7511831823659252,0.24788144167700982,0.7085696183698589,1.7511831823659252,0.24788144167700982,0.7085696183698589,1.999064624042935,2.4597528007357843,0.9564510600468688,2.707634242412794
85,17000,Flooding Attack,1.0,1.1891943453910827,0.1890126520842902,1.0526813161751494,1.1891943453910827,0.1890126520842902,1.0526813161751494,1.378206997475373,2.2418756615662323,1.2416939682594395,2.4308883136505224,0.7412266623570896,0.622798982579951,2.485194800456816,0.7412266623570896,0.622798982579951,2.485194800456816,1.3640256449370405,3.2264214628139056,3.107993783036767,3.8492204453938563
86,17200,Flooding Attack,1.0,1.1786293761667328,0.19964362961216475,1.0428417213739176,1.1786293761667328,0.19964362961216475,1.0428417213739176,1.3782730057788974,2.2214710975406504,1.2424853509860823,2.421114727152815,0.7183635534646999,0.7623883189019894,2.4431311931360895,0.7183635534646999,0.7623883189019894,2.4431311931360895,1.4807518723666893,3.1614947466007894,3.205519512038079,3.9238830655027788
87,17400,Flooding Attack,1.0,1.4213015261498372,0.5634024398411249,0.7838086074124168,1.4213015261498372,0.5634024398411249,0.7838086074124168,1.984703965990962,2.205110133562254,1.3472110472535417,2.768512573403379,1.2435179266006446,5.538698942080086,1.3357820178044524,1.2435179266006446,5.538698942080086,1.3357820178044524,6.782216868680731,2.579299944405097,6.874480959884538,8.117998886485184
88,17600,Flooding Attack,1.0,1.3247416837182284,0.6941353214739064,0.9367005752056409,1.3247416837182284,0.6941353214739064,0.9367005752056409,2.018877005192135,2.261442258923869,1.6308358966795473,2.955577580397776,1.0345577161858623,7.255278262724748,1.9893849176862843,1.0345577161858623,7.255278262724748,1.9893849176862843,8.289835978910611,3.0239426338721467,9.244663180411033,10.279220896596895
89,17800,Flooding Attack,1.0,1.0342727227454305,0.7767449935477277,1.0493949431627931,1.0342727227454305,0.7767449935477277,1.0493949431627931,1.8110177162931582,2.083667665908224,1.8261399367105209,2.8604126594559514,0.40596871194396944,8.339979012804447,2.471145776417342,0.40596871194396944,8.339979012804447,2.471145776417342,8.745947724748417,2.877114488361311,10.81112478922179,11.21709350116576
90,18000,Flooding Attack,1.0,0.9775421912566865,0.6903855304856451,1.3296510627323348,0.9775421912566865,0.6903855304856451,1.3296510627323348,1.6679277217423316,2.307193253989021,2.02003659321798,2.9975787844746664,0.28320107377982684,7.206041884035647,3.6692218761900595,0.28320107377982684,7.206041884035647,3.6692218761900595,7.489242957815474,3.952422949969886,10.875263760225707,11.158464834005533
